{
  "project_info": {
    "project_number": "463711886346",
    "firebase_url": "https://bubbly-dae95-default-rtdb.firebaseio.com",
    "project_id": "bubbly-dae95",
    "storage_bucket": "bubbly-dae95.appspot.com"
  },
  "client": [
    {
      "client_info": {
        "mobilesdk_app_id": "1:463711886346:android:620354d51464fa291813f3",
        "android_client_info": {
          "package_name": "com.retrytech.bubbly"
        }
      },
      "oauth_client": [
        {
          "client_id": "463711886346-3561g7e03arnm5cb1vchc07pjaip8drl.apps.googleusercontent.com",
          "client_type": 1,
          "android_info": {
            "package_name": "com.retrytech.bubbly",
            "certificate_hash": "e0d4de221bc280829ff78b53d97adfae798f2958"
          }
        },
        {
          "client_id": "463711886346-9bkri2567gfi5g425kp3jl5nb90uuicb.apps.googleusercontent.com",
          "client_type": 1,
          "android_info": {
            "package_name": "com.retrytech.bubbly",
            "certificate_hash": "22a5e6754dcefe7ef05f802ce63419f4cdc186a4"
          }
        },
        {
          "client_id": "463711886346-9v2f1r3uo64a5ami8ied066t705fgoln.apps.googleusercontent.com",
          "client_type": 1,
          "android_info": {
            "package_name": "com.retrytech.bubbly",
            "certificate_hash": "dd09c568eac2be142ea1ac1cc8368c3b346c46aa"
          }
        },
        {
          "client_id": "463711886346-cb57lpcnj8t9oeqr0u1ak5b7kqir6b47.apps.googleusercontent.com",
          "client_type": 1,
          "android_info": {
            "package_name": "com.retrytech.bubbly",
            "certificate_hash": "eaee34541933337cde70145b2d57eabdd900d921"
          }
        },
        {
          "client_id": "463711886346-e1n45ui7jngeg3so88cmhdpoc9rao828.apps.googleusercontent.com",
          "client_type": 1,
          "android_info": {
            "package_name": "com.retrytech.bubbly",
            "certificate_hash": "97c66063c42817740498d1c74e068c146bf0a0ce"
          }
        },
        {
          "client_id": "463711886346-fmtkvbjbl65fgvosneugmao8dnf15gad.apps.googleusercontent.com",
          "client_type": 1,
          "android_info": {
            "package_name": "com.retrytech.bubbly",
            "certificate_hash": "ac87e266fab4807e5981e4262a382b1480d76f27"
          }
        },
        {
          "client_id": "463711886346-b3vpva96nbqqaa4hjjs3ud0kvlhc0msa.apps.googleusercontent.com",
          "client_type": 3
        }
      ],
      "api_key": [
        {
          "current_key": "AIzaSyDJcDArK_Fx5qt2A8JHD4MKj6hNkePVBnA"
        }
      ],
      "services": {
        "appinvite_service": {
          "other_platform_oauth_client": [
            {
              "client_id": "463711886346-b3vpva96nbqqaa4hjjs3ud0kvlhc0msa.apps.googleusercontent.com",
              "client_type": 3
            },
            {
              "client_id": "463711886346-1a94m5n1asum7bvf345ekrob1cr2e3a3.apps.googleusercontent.com",
              "client_type": 2,
              "ios_info": {
                "bundle_id": "com.retrytech.bubbly"
              }
            }
          ]
        }
      }
    },
    {
      "client_info": {
        "mobilesdk_app_id": "1:463711886346:android:19bfb49e767b40b21813f3",
        "android_client_info": {
          "package_name": "com.retrytech.shortzz.apps"
        }
      },
      "oauth_client": [
        {
          "client_id": "463711886346-6bfifljj837rppa1qelikkm4792shpl5.apps.googleusercontent.com",
          "client_type": 1,
          "android_info": {
            "package_name": "com.retrytech.shortzz.apps",
            "certificate_hash": "22a5e6754dcefe7ef05f802ce63419f4cdc186a4"
          }
        },
        {
          "client_id": "463711886346-7pl1ipd6q9vb0l9j1klipojqenf656n0.apps.googleusercontent.com",
          "client_type": 1,
          "android_info": {
            "package_name": "com.retrytech.shortzz.apps",
            "certificate_hash": "97c66063c42817740498d1c74e068c146bf0a0ce"
          }
        },
        {
          "client_id": "463711886346-b3vpva96nbqqaa4hjjs3ud0kvlhc0msa.apps.googleusercontent.com",
          "client_type": 3
        }
      ],
      "api_key": [
        {
          "current_key": "AIzaSyDJcDArK_Fx5qt2A8JHD4MKj6hNkePVBnA"
        }
      ],
      "services": {
        "appinvite_service": {
          "other_platform_oauth_client": [
            {
              "client_id": "463711886346-b3vpva96nbqqaa4hjjs3ud0kvlhc0msa.apps.googleusercontent.com",
              "client_type": 3
            },
            {
              "client_id": "463711886346-1a94m5n1asum7bvf345ekrob1cr2e3a3.apps.googleusercontent.com",
              "client_type": 2,
              "ios_info": {
                "bundle_id": "com.retrytech.bubbly"
              }
            }
          ]
        }
      }
    }
  ],
  "configuration_version": "1"
}